region,year,a_2009_h1n1,a_h3,a_no_subtype,b,b_vic,byam,h3n2v,a_h5,test_cases,tested_pos
Alabama,2015,59,16,1,2,2,2,0,0,256,82
Alabama,2016,3,227,1,2,15,14,0,0,570,262
Alabama,2017,131,204,4,7,4,66,0,0,823,416
Alabama,2018,42,162,3,1,20,0,0,0,530,228
Alabama,2019,174,6,0,5,123,0,0,0,690,308
Alabama,2020,0,0,1,5,0,0,0,0,15011,6
Alabama,2021,0,223,32,4,0,0,0,0,12304,259
Alabama,2022,2,17,3,0,0,0,0,0,172,22
Alabama,2023,28,9,2,0,13,0,0,0,498,52
Alabama,2024,181,197,21,4,0,0,0,0,808,403
Arizona,2015,762,580,0,13,58,399,0,0,2110,1812
Arizona,2016,63,1630,0,5,227,578,0,0,2975,2503
Arizona,2017,180,2055,0,8,197,720,0,0,3366,3160
Arizona,2018,1192,628,3,0,30,22,0,0,2291,1875
Arizona,2019,632,33,0,38,560,8,0,0,1676,1271
Arizona,2020,1,1,0,0,1,0,0,0,263,3
Arizona,2021,0,737,6,1,4,0,0,0,1393,748
Arizona,2022,227,513,12,6,136,0,0,0,1672,894
Arizona,2023,536,159,11,5,220,0,0,0,3530,931
Arizona,2024,1310,1962,15,10,136,0,0,2,4896,3435
Arkansas,2015,20,8,0,1,12,0,0,0,128,41
Arkansas,2016,0,51,0,0,4,0,0,0,121,55
Arkansas,2017,21,101,0,19,0,43,0,0,413,184
Arkansas,2018,74,69,0,0,2,0,0,0,497,145
Arkansas,2019,146,1,4,54,45,0,0,0,782,250
Arkansas,2020,0,0,0,0,0,0,0,0,262,0
Arkansas,2021,0,186,332,5,0,0,0,0,65351,523
Arkansas,2022,99,30,97,4,2,0,0,0,8219,232
Arkansas,2023,49,193,205,6,36,0,0,0,1945,489
Arkansas,2024,522,413,1050,3,6,0,0,0,3004,1994
California,2015,1462,854,35,775,309,803,0,0,12820,4238
California,2016,184,4696,120,116,28,152,0,0,14074,5296
California,2017,661,4664,194,702,282,1289,0,0,15664,7792
California,2018,2991,1306,227,36,33,37,0,0,8866,4630
California,2019,3055,272,182,475,1742,36,0,0,10933,5762
California,2020,0,3,10,6,1,3,0,0,3196,23
California,2021,6,1204,229,35,2,0,0,0,63899,1476
California,2022,448,2593,253,26,56,0,0,0,10547,3376
California,2023,1818,1056,162,109,339,0,0,0,9869,3484
California,2024,9226,10059,680,175,1032,0,0,53,26549,21225
Colorado,2015,912,243,3,13,40,144,0,0,1625,1355
Colorado,2016,3,267,2,4,31,219,0,0,714,526
Colorado,2017,54,501,4,19,2,162,0,0,1087,742
Colorado,2018,520,541,29,5,16,3,0,0,1538,1114
Colorado,2019,552,53,10,145,187,0,0,0,1824,947
Colorado,2020,0,1,0,0,0,0,0,0,2232,1
Colorado,2021,1,713,19,0,1,0,0,0,1337,734
Colorado,2022,206,448,10,0,101,0,0,0,890,765
Colorado,2023,460,412,19,14,303,0,1,11,1636,1220
Colorado,2024,321,244,941,30,54,0,0,0,1886,1590
Connecticut,2015,662,52,0,185,0,0,0,0,1581,899
Connecticut,2016,19,968,0,0,62,263,0,0,1348,1312
Connecticut,2017,161,887,0,1,47,423,0,0,2259,1519
Connecticut,2018,560,300,0,1,4,26,0,0,1319,891
Connecticut,2019,272,69,0,2,410,15,0,0,1327,768
Connecticut,2020,0,0,0,0,1,0,0,0,199,1
Connecticut,2021,2,390,6,0,0,0,0,0,622,398
Connecticut,2022,191,486,25,2,4,0,0,0,883,708
Connecticut,2023,584,438,94,5,190,0,0,0,4240,1311
Connecticut,2024,1138,763,71,504,4,0,0,0,4472,2480
Delaware,2015,414,20,12,8,78,69,0,0,2754,601
Delaware,2016,5,659,4,11,27,127,1,0,3090,834
Delaware,2017,163,382,6,24,100,206,0,0,2822,881
Delaware,2018,439,411,21,4,8,5,0,0,3156,888
Delaware,2019,507,26,14,44,359,2,0,0,2716,952
Delaware,2020,0,1,0,0,0,0,0,0,641,1
Delaware,2021,1,522,84,1,1,1,0,0,2107,610
Delaware,2022,100,109,23,0,11,0,0,0,737,243
Delaware,2023,331,197,72,20,172,0,0,0,2393,792
Delaware,2024,309,431,47,19,1,0,0,1,1539,808
District of Columbia,2015,68,3,0,7,0,3,0,0,172,81
District of Columbia,2016,1,34,0,3,0,4,0,0,73,42
District of Columbia,2017,56,193,0,0,5,80,0,0,566,334
District of Columbia,2018,147,128,0,1,19,7,0,0,1418,302
District of Columbia,2019,138,18,0,0,120,2,0,0,898,278
District of Columbia,2020,0,0,0,0,0,0,0,0,32,0
District of Columbia,2021,0,58,1,1,0,0,0,0,298,60
District of Columbia,2022,77,292,17,1,19,0,0,0,1729,406
District of Columbia,2023,412,341,44,5,202,0,0,0,2205,1004
District of Columbia,2024,903,1000,97,5,228,0,0,0,3147,2233
Florida,2015,360,184,25,300,1,3,0,0,2136,873
Florida,2016,30,781,16,283,6,5,0,0,2574,1121
Florida,2017,317,1157,30,363,9,81,0,0,3367,1957
Florida,2018,524,627,15,5,93,43,0,0,2939,1307
Florida,2019,1626,84,33,53,525,14,0,0,5167,2335
Florida,2020,1,2,12,1,2,2,0,0,56658,20
Florida,2021,6,1415,76,0,0,0,0,0,7533,1497
Florida,2022,333,808,16,2,132,0,0,0,2562,1291
Florida,2023,757,480,22,12,365,0,0,0,2577,1636
Florida,2024,994,940,48,79,1,0,0,0,2972,2062
Georgia,2015,297,32,40,19,38,41,0,0,1548,467
Georgia,2016,27,1058,8,34,333,167,0,0,3956,1627
Georgia,2017,261,582,2,38,6,254,0,0,2051,1143
Georgia,2018,228,512,14,2,13,3,0,0,1714,772
Georgia,2019,646,12,3,54,286,5,0,0,1981,1006
Georgia,2020,0,0,2,0,0,0,0,0,5036,2
Georgia,2021,9,899,132,1,4,0,0,0,2830,1045
Georgia,2022,456,1034,206,3,155,0,0,0,3227,1854
Georgia,2023,673,373,230,24,480,0,0,0,3479,1780
Georgia,2024,462,639,332,7,97,0,0,0,2727,1537
Idaho,2015,200,57,3,0,28,283,0,0,669,571
Idaho,2016,9,983,3,1,16,26,0,0,1311,1038
Idaho,2017,94,477,4,6,9,435,0,0,1273,1025
Idaho,2018,858,492,2,1,8,10,0,0,1620,1371
Idaho,2019,546,79,2,49,913,12,0,0,2153,1601
Idaho,2020,0,0,0,0,0,0,0,0,196,0
Idaho,2021,0,275,62,1,0,0,0,0,12160,338
Idaho,2022,401,1032,57,2,5,0,0,0,7915,1497
Idaho,2023,333,65,10,2,185,0,0,0,819,595
Idaho,2024,686,603,100,1,28,0,0,0,1620,1418
Illinois,2015,249,39,2,1,21,37,0,0,2879,349
Illinois,2016,6,479,0,3,325,80,0,0,3060,893
Illinois,2017,144,722,1,22,1,398,0,0,3475,1288
Illinois,2018,445,164,1,0,4,10,0,0,2509,624
Illinois,2019,376,22,60,173,268,0,0,0,2680,899
Illinois,2020,0,0,0,0,0,0,0,0,1317,0
Illinois,2021,0,373,475,1,0,0,0,0,168813,849
Illinois,2022,163,384,337,1,3,0,0,0,54058,888
Illinois,2023,190,95,151,41,88,0,0,0,4939,565
Illinois,2024,681,342,473,78,128,0,0,0,3890,1702
Indiana,2015,270,75,3,15,31,19,0,0,682,413
Indiana,2016,39,694,0,2,112,122,0,0,1255,969
Indiana,2017,126,562,0,11,14,233,1,0,1307,947
Indiana,2018,287,285,2,0,11,7,0,0,846,592
Indiana,2019,283,5,2,28,250,5,0,0,755,573
Indiana,2020,0,0,0,0,0,0,0,0,124,0
Indiana,2021,1,101,3,0,0,0,0,0,981,105
Indiana,2022,17,24,3,0,4,0,0,0,864,48
Indiana,2023,51,65,4,1,50,0,0,0,359,171
Indiana,2024,361,249,6,1,12,0,0,0,913,629
Iowa,2015,276,46,7,0,26,78,0,0,1085,433
Iowa,2016,15,822,9,7,79,150,0,0,1839,1082
Iowa,2017,60,980,8,2,2,480,1,0,2524,1533
Iowa,2018,468,420,20,1,27,10,0,0,2147,946
Iowa,2019,528,61,21,10,629,4,0,0,2496,1253
Iowa,2020,3,0,3,0,0,0,1,0,105,7
Iowa,2021,1,158,1,0,0,0,0,0,395,160
Iowa,2022,105,212,9,4,115,0,0,0,527,445
Iowa,2023,223,196,16,5,245,0,0,0,786,685
Iowa,2024,1086,515,34,122,0,0,0,1,1867,1758
Kansas,2015,108,16,4,2,6,20,0,0,266,156
Kansas,2016,4,122,13,15,2,10,0,0,330,166
Kansas,2017,23,54,1,21,2,15,0,0,229,116
Kansas,2018,70,156,4,0,0,0,0,0,415,230
Kansas,2019,89,0,2,21,7,0,0,0,277,119
Kansas,2020,0,0,0,0,0,0,0,0,42980,0
Kansas,2021,0,254,312,2,0,0,0,0,29750,568
Kansas,2022,24,71,65,2,4,0,0,0,1289,166
Kansas,2023,11,12,8,3,15,0,0,0,486,49
Kansas,2024,398,133,34,1,0,0,0,0,1144,566
Kentucky,2015,110,17,0,74,5,2,0,0,393,208
Kentucky,2016,20,250,0,57,3,9,0,0,541,339
Kentucky,2017,104,377,2,14,13,297,0,0,1082,807
Kentucky,2018,107,246,0,0,2,2,0,0,578,357
Kentucky,2019,124,2,0,8,88,3,0,0,420,225
Kentucky,2020,0,0,0,0,0,0,0,0,227,0
Kentucky,2021,0,169,0,0,0,0,0,0,735,169
Kentucky,2022,61,41,0,0,2,0,0,0,509,104
Kentucky,2023,266,208,0,1,175,0,0,0,1154,650
Kentucky,2024,562,498,3,0,3,0,0,0,1869,1066
Louisiana,2015,177,90,3,100,0,0,0,0,1091,370
Louisiana,2016,40,602,2,33,37,155,0,0,1947,869
Louisiana,2017,135,304,3,48,3,124,0,0,1991,617
Louisiana,2018,175,317,6,45,101,0,0,0,2271,644
Louisiana,2019,255,43,4,5,293,0,0,0,1525,600
Louisiana,2020,0,1,0,0,0,0,0,0,481,1
Louisiana,2021,0,52,5,0,0,0,0,0,993,57
Louisiana,2022,27,13,1,5,5,0,0,0,1619,51
Louisiana,2023,190,21,13,18,146,0,0,0,3133,388
Louisiana,2024,55,105,13,6,2,0,0,2,1015,183
Maine,2015,226,24,3,69,0,0,0,0,796,322
Maine,2016,0,268,2,137,8,53,0,0,894,468
Maine,2017,55,316,3,0,33,115,0,0,1172,522
Maine,2018,284,51,2,0,74,4,0,0,666,415
Maine,2019,230,30,1,3,229,4,0,0,872,497
Maine,2020,1,0,0,1,0,0,0,0,366,2
Maine,2021,0,168,2,0,0,0,0,0,501,170
Maine,2022,7,2,0,1,1,0,0,0,279,11
Maine,2023,520,101,3,1,121,0,0,0,799,746
Maine,2024,958,737,31,201,0,0,0,0,2050,1927
Maryland,2015,1149,51,8,0,175,222,0,0,4537,1605
Maryland,2016,57,2068,0,16,94,557,39,0,5997,2831
Maryland,2017,591,1911,5,10,139,760,0,0,8114,3416
Maryland,2018,2354,1453,11,1,99,41,0,0,7299,3959
Maryland,2019,1893,143,6,18,1364,20,0,0,6793,3444
Maryland,2020,0,60,0,0,0,0,0,0,3590,60
Maryland,2021,2,366,2,0,2,0,0,0,3623,372
Maryland,2022,3,116,9,0,2,0,0,0,763,130
Maryland,2023,539,626,67,12,509,0,0,0,2927,1753
Maryland,2024,895,763,406,35,59,0,0,0,4007,2158
Massachusetts,2015,146,8,0,6,25,9,0,0,356,194
Massachusetts,2016,6,312,0,1,0,4,0,0,485,323
Massachusetts,2017,31,156,0,2,0,2,0,0,491,191
Massachusetts,2018,432,166,11,3,0,0,0,0,828,612
Massachusetts,2019,324,30,1,20,5,0,0,0,681,380
Massachusetts,2020,0,0,0,0,0,0,0,0,564,0
Massachusetts,2021,0,155,3,0,0,0,0,0,752,158
Massachusetts,2022,101,327,2,2,1,0,0,0,861,433
Massachusetts,2023,376,228,5,5,1,0,0,0,1044,615
Massachusetts,2024,1054,1119,13,389,1,0,0,0,3619,2576
Michigan,2015,271,68,0,6,21,31,12,0,714,409
Michigan,2016,20,541,0,29,57,145,1,0,962,793
Michigan,2017,95,588,3,58,7,174,0,0,1067,925
Michigan,2018,453,359,7,13,39,24,0,0,1100,895
Michigan,2019,490,31,6,95,301,0,0,0,1132,923
Michigan,2020,0,7,0,5,0,0,0,0,901,12
Michigan,2021,7,568,3,2,0,0,1,0,1683,581
Michigan,2022,293,495,7,6,68,0,1,0,2088,870
Michigan,2023,517,269,8,13,222,0,0,1,2032,1030
Michigan,2024,655,541,91,9,68,0,0,0,1718,1364
Minnesota,2015,751,61,60,2,13,110,0,0,5927,997
Minnesota,2016,24,1513,25,2,75,808,0,0,6521,2447
Minnesota,2017,170,2828,73,2,52,577,0,0,7624,3702
Minnesota,2018,760,348,60,0,15,20,0,0,2958,1203
Minnesota,2019,1196,28,73,13,502,27,0,0,3358,1839
Minnesota,2020,0,2,4,3,0,1,0,0,2484,10
Minnesota,2021,2,488,22,0,1,0,0,0,6205,513
Minnesota,2022,123,880,56,1,24,0,0,0,2085,1084
Minnesota,2023,960,450,387,26,531,0,2,0,3314,2356
Minnesota,2024,2025,467,805,16,139,0,0,1,5031,3453
Mississippi,2015,19,8,0,0,13,9,0,0,171,49
Mississippi,2016,9,143,0,1,15,20,0,0,355,188
Mississippi,2017,80,127,0,2,0,75,0,0,432,284
Mississippi,2018,25,292,0,0,2,2,0,0,663,321
Mississippi,2019,221,19,0,1,171,0,0,0,798,412
Mississippi,2020,0,0,0,0,0,0,0,0,145,0
Mississippi,2021,1,35,0,0,0,0,0,0,469,36
Mississippi,2022,41,40,0,0,6,0,0,0,205,87
Mississippi,2023,26,25,7,4,15,0,0,0,253,77
Mississippi,2024,126,171,43,2,4,0,0,0,883,346
Missouri,2015,20,11,0,0,11,8,0,0,257,50
Missouri,2016,3,141,2,0,6,9,0,0,363,161
Missouri,2017,51,205,0,0,7,104,0,0,822,367
Missouri,2018,43,29,0,1,6,1,0,0,232,80
Missouri,2019,62,2,0,45,32,0,0,0,459,141
Missouri,2020,1,0,0,0,0,0,0,0,597,1
Missouri,2021,0,127,34,1,0,0,0,0,17065,162
Missouri,2022,133,222,20,0,4,0,0,0,1763,379
Missouri,2023,253,127,26,3,40,0,0,1,930,450
Missouri,2024,671,608,101,27,1,0,0,0,1868,1408
Montana,2015,88,23,0,31,0,0,0,0,659,142
Montana,2016,36,314,2,4,0,37,0,0,739,393
Montana,2017,50,294,7,6,30,122,0,0,736,509
Montana,2018,272,239,7,6,64,8,0,0,1162,596
Montana,2019,198,44,2,6,307,0,0,0,1226,557
Montana,2020,0,0,0,0,0,0,0,0,327,0
Montana,2021,4,307,1,0,0,0,0,0,600,312
Montana,2022,130,185,6,0,7,0,0,0,474,328
Montana,2023,171,140,1,1,148,0,0,0,558,461
Montana,2024,293,162,4,2,25,0,0,0,534,486
Nebraska,2015,71,12,4,12,1,4,0,0,269,104
Nebraska,2016,5,111,2,8,9,12,0,0,280,147
Nebraska,2017,9,108,1,9,1,18,1,0,288,147
Nebraska,2018,56,82,8,0,6,3,0,0,270,155
Nebraska,2019,112,4,0,14,27,2,0,0,403,159
Nebraska,2020,5,5,5,8,0,0,0,0,45791,23
Nebraska,2021,2,212,574,2,1,0,0,0,29692,791
Nebraska,2022,35,82,196,7,6,0,0,0,3132,326
Nebraska,2023,68,21,23,22,95,0,0,0,609,229
Nebraska,2024,389,450,280,40,0,0,0,0,1565,1159
Nevada,2015,96,29,2,26,30,60,0,0,777,243
Nevada,2016,13,270,0,5,2,43,0,0,568,333
Nevada,2017,24,314,0,4,1,222,0,0,844,565
Nevada,2018,159,105,2,0,1,1,0,0,500,268
Nevada,2019,272,34,3,158,135,0,0,0,1600,602
Nevada,2020,0,0,16,14,0,0,0,0,182347,30
Nevada,2021,0,365,458,7,0,0,0,0,101083,830
Nevada,2022,67,120,259,5,7,0,0,0,24186,458
Nevada,2023,324,160,1539,525,137,0,0,0,10010,2685
Nevada,2024,190,288,68,6,87,0,0,0,2090,639
New Hampshire,2015,117,15,3,0,58,17,0,0,298,210
New Hampshire,2016,2,218,1,1,4,46,0,0,410,272
New Hampshire,2017,37,176,4,1,8,70,0,0,462,296
New Hampshire,2018,205,84,3,0,12,21,0,0,594,325
New Hampshire,2019,73,14,3,1,61,1,0,0,414,153
New Hampshire,2020,0,0,0,0,1,0,0,0,26575,1
New Hampshire,2021,0,76,2,0,0,0,0,0,65373,78
New Hampshire,2022,25,29,6,1,4,0,0,0,4146,65
New Hampshire,2023,527,144,172,16,41,0,0,0,1647,900
New Hampshire,2024,284,321,598,23,136,0,0,0,2030,1362
New Jersey,2015,188,92,2,105,9,8,0,0,926,404
New Jersey,2016,4,285,1,74,2,3,0,0,668,369
New Jersey,2017,103,294,1,180,20,31,0,0,1059,629
New Jersey,2018,281,251,1,1,3,0,0,0,905,537
New Jersey,2019,177,42,3,44,6,0,0,0,994,272
New Jersey,2020,0,0,0,0,0,0,0,0,1183,0
New Jersey,2021,1,227,16,2,0,0,0,0,2031,246
New Jersey,2022,39,109,9,15,1,0,0,0,1126,173
New Jersey,2023,164,72,15,38,4,0,0,0,780,293
New Jersey,2024,252,140,26,12,1,0,0,0,775,431
New Mexico,2015,193,159,8,103,44,62,0,0,1954,569
New Mexico,2016,14,481,1,2,6,58,0,0,1818,562
New Mexico,2017,41,447,2,28,0,280,0,0,1660,798
New Mexico,2018,687,306,9,0,9,7,0,0,1885,1018
New Mexico,2019,389,10,6,27,325,1,0,0,2196,758
New Mexico,2020,5,5,0,0,6,2,0,0,2912,18
New Mexico,2021,9,958,8,2,0,0,0,0,3682,977
New Mexico,2022,343,654,60,3,27,0,1,0,3090,1088
New Mexico,2023,446,162,17,4,260,0,0,0,2755,889
New Mexico,2024,577,748,25,1,35,0,0,0,3334,1386
New York,2015,889,96,30,32,167,91,0,0,3219,1305
New York,2016,10,857,17,56,39,164,0,0,2581,1143
New York,2017,232,1422,18,153,17,384,0,0,4102,2226
New York,2018,933,987,60,14,32,10,0,0,3325,2036
New York,2019,578,99,9,214,231,23,0,0,2335,1154
New York,2020,2,2,1,7,0,0,0,0,56559,12
New York,2021,4,221,389,5,0,0,0,0,92963,619
New York,2022,105,442,461,44,9,0,0,0,25846,1061
New York,2023,710,256,290,45,92,0,0,0,12332,1393
New York,2024,3440,2404,622,43,101,0,0,0,10842,6610
North Carolina,2015,173,28,1,5,26,22,0,0,651,255
North Carolina,2016,39,285,3,8,28,60,0,0,901,423
North Carolina,2017,41,157,1,10,25,68,0,0,749,302
North Carolina,2018,122,122,11,0,3,4,0,0,671,262
North Carolina,2019,224,19,1,36,162,7,0,0,2074,449
North Carolina,2020,4,1,8,1,1,1,0,0,16738,16
North Carolina,2021,0,43,2,0,3,0,0,0,2007,48
North Carolina,2022,88,250,8,0,10,0,0,0,987,356
North Carolina,2023,150,32,5,0,30,0,0,0,493,217
North Carolina,2024,935,815,99,3,32,0,0,0,2602,1884
North Dakota,2015,145,12,0,0,11,35,0,0,264,203
North Dakota,2016,26,351,1,10,37,278,1,0,1029,704
North Dakota,2017,72,619,5,8,32,214,0,0,1148,950
North Dakota,2018,556,205,5,2,50,7,0,0,1094,825
North Dakota,2019,278,20,3,60,384,2,0,0,1022,747
North Dakota,2020,1,2,0,0,1,0,0,0,152,4
North Dakota,2021,0,230,6,0,0,0,0,0,1635,236
North Dakota,2022,82,174,1,0,1,0,0,0,467,258
North Dakota,2023,209,79,12,7,188,0,0,0,681,495
North Dakota,2024,400,173,1,14,0,0,0,0,1063,588
Ohio,2015,371,50,3,9,45,42,6,0,793,526
Ohio,2016,13,832,8,31,64,173,15,0,1431,1136
Ohio,2017,189,922,9,127,5,199,0,0,2560,1451
Ohio,2018,751,968,6,12,7,9,0,0,3078,1753
Ohio,2019,936,16,5,266,393,0,0,0,3530,1616
Ohio,2020,0,1,5,3,0,0,0,0,897,9
Ohio,2021,17,1064,21,3,4,0,1,0,15464,1110
Ohio,2022,752,381,4,0,26,0,0,0,3448,1163
Ohio,2023,532,342,3,4,174,0,0,0,1133,1055
Ohio,2024,1169,815,9,9,22,0,0,2,2269,2026
Oklahoma,2015,27,10,0,8,3,11,0,0,520,59
Oklahoma,2016,27,220,0,18,3,62,0,0,824,330
Oklahoma,2017,100,213,1,53,4,60,0,0,1117,431
Oklahoma,2018,79,158,0,0,6,2,0,0,735,245
Oklahoma,2019,213,3,4,104,57,0,0,0,1457,381
Oklahoma,2020,0,0,1,0,0,0,0,0,1717,1
Oklahoma,2021,0,41,5,0,0,0,0,0,1966,46
Oklahoma,2022,24,32,1,0,2,0,0,0,929,59
Oklahoma,2023,7,9,2,0,6,0,0,0,261,24
Oklahoma,2024,61,110,34,3,4,0,0,0,683,212
Oregon,2015,67,30,3,183,0,4,0,0,653,287
Oregon,2016,1,246,1,53,0,0,0,0,457,301
Oregon,2017,136,185,1,389,0,4,0,0,867,715
Oregon,2018,171,245,0,0,0,0,0,0,521,416
Oregon,2019,126,6,0,313,60,1,0,0,646,506
Oregon,2020,0,0,0,1,1,1,0,0,19007,3
Oregon,2021,1,203,5,1,0,0,0,0,6562,210
Oregon,2022,381,881,36,1,1,0,0,0,16443,1300
Oregon,2023,245,110,20,2,132,0,0,0,6339,509
Oregon,2024,1593,1350,45,117,0,0,0,2,4931,3107
Pennsylvania,2015,228,53,16,10,63,115,0,0,1082,485
Pennsylvania,2016,4,533,9,8,49,50,1,0,1382,654
Pennsylvania,2017,85,493,5,5,40,227,0,0,1711,855
Pennsylvania,2018,370,358,36,52,2,1,0,0,1664,819
Pennsylvania,2019,255,47,8,307,34,1,0,0,1752,652
Pennsylvania,2020,1,1,0,1,1,0,0,0,99200,4
Pennsylvania,2021,5,982,158,22,0,0,0,0,176346,1167
Pennsylvania,2022,232,352,43,0,35,0,0,0,53220,662
Pennsylvania,2023,522,191,52,10,164,0,0,0,16757,939
Pennsylvania,2024,987,795,129,8,119,0,0,0,2655,2038
Rhode Island,2015,109,19,0,1,5,31,0,0,397,165
Rhode Island,2016,3,143,0,0,3,66,0,0,447,215
Rhode Island,2017,13,136,0,0,1,38,0,0,440,188
Rhode Island,2018,91,35,3,1,4,1,0,0,339,135
Rhode Island,2019,81,16,3,5,30,0,0,0,307,135
Rhode Island,2020,1,0,0,0,0,0,0,0,1660,1
Rhode Island,2021,0,486,242,0,8,0,0,0,11237,736
Rhode Island,2022,59,171,1383,2,33,0,0,0,14622,1648
Rhode Island,2023,181,47,247,31,80,0,0,0,4184,586
Rhode Island,2024,822,905,358,322,3,0,0,0,5363,2410
South Carolina,2015,101,107,1,1,17,7,0,0,745,234
South Carolina,2016,10,263,2,22,55,36,0,0,1077,388
South Carolina,2017,55,203,0,15,2,60,0,0,876,335
South Carolina,2018,108,222,0,0,8,0,0,0,902,338
South Carolina,2019,489,18,4,97,280,6,0,0,2124,894
South Carolina,2020,0,0,0,0,0,0,0,0,1230,0
South Carolina,2021,0,36,98,0,0,0,0,0,1149,134
South Carolina,2022,69,97,60,1,2,0,0,0,789,229
South Carolina,2023,269,30,23,17,246,0,0,0,917,585
South Carolina,2024,240,236,6,0,3,0,0,0,1124,485
South Dakota,2015,260,27,3,6,47,41,0,0,870,384
South Dakota,2016,22,479,16,16,64,206,0,0,1275,803
South Dakota,2017,40,514,4,12,24,190,0,0,1305,784
South Dakota,2018,307,372,21,9,18,3,0,0,1182,730
South Dakota,2019,531,6,13,53,481,3,0,0,1758,1087
South Dakota,2020,0,0,0,1,0,0,0,0,918,1
South Dakota,2021,1,1102,225,3,0,0,0,0,5102,1331
South Dakota,2022,164,98,15,1,12,0,0,0,499,290
South Dakota,2023,135,156,29,12,259,0,0,0,677,591
South Dakota,2024,441,295,38,18,0,0,0,0,1032,792
Tennessee,2015,114,9,0,71,0,0,0,0,1783,194
Tennessee,2016,24,350,29,135,3,9,0,0,2601,550
Tennessee,2017,2,212,61,157,0,3,0,0,2261,435
Tennessee,2018,56,198,8,0,1,0,0,0,1367,263
Tennessee,2019,260,5,1,0,116,1,0,0,1441,383
Tennessee,2020,0,0,0,1,0,0,0,0,290,1
Tennessee,2021,1,148,2,0,0,0,0,0,647,151
Tennessee,2022,130,123,13,1,4,0,0,0,646,271
Tennessee,2023,77,74,5,4,65,0,0,0,564,225
Tennessee,2024,550,775,1241,1,1,0,0,0,3178,2568
Texas,2015,125,165,13,87,53,83,0,0,1980,526
Texas,2016,49,397,5,51,35,115,0,0,1713,652
Texas,2017,79,263,2,162,2,78,0,0,1655,586
Texas,2018,228,439,14,44,44,12,0,0,1924,781
Texas,2019,555,24,12,238,189,0,0,0,2894,1018
Texas,2020,0,3,3,1,5,0,0,0,5055,12
Texas,2021,1,698,184,7,3,0,0,0,19100,893
Texas,2022,193,263,11,56,8,0,0,0,4082,531
Texas,2023,338,167,13,9,296,0,0,0,4051,823
Texas,2024,696,1188,39,62,3,0,0,0,3342,1988
Utah,2015,247,79,1,20,31,345,0,0,1026,723
Utah,2016,8,863,0,7,45,128,0,0,1358,1051
Utah,2017,85,620,1,15,71,249,0,0,1333,1041
Utah,2018,389,405,15,2,9,1,0,0,1194,821
Utah,2019,513,22,3,25,278,6,0,0,1236,847
Utah,2020,0,1,0,0,2,0,0,0,663,3
Utah,2021,1,712,0,0,0,0,0,0,1255,713
Utah,2022,190,321,0,0,35,0,0,0,1119,546
Utah,2023,365,153,0,1,220,0,0,0,1224,739
Utah,2024,360,442,10,14,17,0,0,0,1964,843
Vermont,2015,73,48,0,31,0,1,0,0,237,153
Vermont,2016,3,233,0,51,0,2,0,0,371,289
Vermont,2017,22,156,0,58,0,0,0,0,379,236
Vermont,2018,214,139,7,0,4,1,0,0,427,365
Vermont,2019,80,26,1,0,29,0,0,0,198,136
Vermont,2020,0,0,0,0,0,0,0,0,608,0
Vermont,2021,0,78,2,0,0,0,0,0,1334,80
Vermont,2022,15,82,2,0,0,0,0,0,163,99
Vermont,2023,197,116,13,1,43,0,0,0,443,370
Vermont,2024,373,191,6,8,16,0,0,0,663,594
Virginia,2015,269,15,0,78,4,5,0,0,898,371
Virginia,2016,17,677,1,31,26,138,0,0,1662,890
Virginia,2017,183,533,0,72,34,226,0,0,1858,1048
Virginia,2018,490,495,8,2,18,18,0,0,1884,1031
Virginia,2019,581,28,6,160,458,11,0,0,2370,1244
Virginia,2020,0,0,1,0,0,0,0,0,5011,1
Virginia,2021,2,91,6,0,0,0,0,0,6960,99
Virginia,2022,41,118,16,0,1,0,0,0,1461,176
Virginia,2023,156,80,7,1,47,0,0,0,1332,291
Virginia,2024,536,385,24,7,46,0,0,0,1959,998
Washington,2015,218,126,7,93,52,128,0,0,1040,624
Washington,2016,18,534,7,19,9,53,0,0,1076,640
Washington,2017,97,231,6,73,4,132,0,0,914,543
Washington,2018,299,249,14,6,6,4,0,0,995,578
Washington,2019,277,37,35,182,207,3,0,0,1176,741
Washington,2020,0,0,2,0,0,0,0,0,4021,2
Washington,2021,2,388,45,1,0,0,0,0,27130,436
Washington,2022,292,596,155,4,30,0,0,0,9710,1077
Washington,2023,318,103,50,14,56,0,0,0,1974,541
Washington,2024,833,654,200,94,3,0,0,14,3034,1798
West Virginia,2015,169,11,8,96,0,5,0,0,549,289
West Virginia,2016,2,360,0,127,0,1,0,0,729,490
West Virginia,2017,64,276,0,12,37,134,0,0,704,523
West Virginia,2018,307,234,0,0,3,15,0,0,821,559
West Virginia,2019,193,1,4,1,172,0,0,0,724,371
West Virginia,2020,0,0,0,0,0,0,0,0,258,0
West Virginia,2021,14,232,0,0,0,0,3,0,474,249
West Virginia,2022,221,253,11,0,15,0,0,0,619,500
West Virginia,2023,330,206,12,13,224,0,0,0,971,785
West Virginia,2024,395,264,50,2,48,0,0,0,928,759
Wisconsin,2015,750,41,28,1,68,74,0,0,3604,962
Wisconsin,2016,31,1011,11,6,86,261,0,0,4887,1406
Wisconsin,2017,125,1057,9,0,12,374,0,0,4996,1577
Wisconsin,2018,412,416,47,1,26,28,0,0,4187,930
Wisconsin,2019,441,93,138,7,610,10,0,0,4729,1299
Wisconsin,2020,1,2,3,2,0,0,1,0,3076,9
Wisconsin,2021,5,603,110,4,1,0,0,0,5382,723
Wisconsin,2022,165,567,42,4,15,0,0,0,2443,793
Wisconsin,2023,476,310,68,11,183,0,0,0,3608,1048
Wisconsin,2024,1702,755,38,4,97,0,0,1,4250,2597
Wyoming,2015,104,27,1,2,1,42,0,0,494,177
Wyoming,2016,2,273,3,12,1,29,0,0,839,320
Wyoming,2017,39,142,1,16,2,107,0,0,743,307
Wyoming,2018,91,79,1,4,3,4,0,0,349,182
Wyoming,2019,50,1,2,4,25,0,0,0,6771,82
Wyoming,2020,0,0,59,19,2,0,0,0,126024,80
Wyoming,2021,0,873,898,11,0,0,0,0,41606,1782
Wyoming,2022,59,123,188,11,4,0,0,0,2905,385
Wyoming,2023,38,8,45,21,23,0,0,0,654,135
Wyoming,2024,66,55,28,0,0,0,0,0,679,149
